{
  "headliner": [
    {
      "createdAt": "2023-03-03",
      "name": "Tidelift",
      "image": "https://github.com/tidelift.png",
      "url": "https://tidelift.com/subscription/pkg/npm-cheerio",
      "type": "FUND",
      "monthlyDonation": 0,
      "totalDonations": 0,
      "source": "manual",
      "tier": "headliner"
    },
    {
      "createdAt": "2022-06-24",
      "name": "Github",
      "image": "https://github.com/github.png",
      "url": "https://github.com/",
      "type": "ORGANIZATION",
      "monthlyDonation": 0,
      "totalDonations": 0,
      "source": "manual",
      "tier": "headliner"
    },
    {
      "createdAt": "2018-05-02",
      "name": "AirBnB",
      "image": "https://github.com/airbnb.png",
      "url": "https://www.airbnb.com/",
      "type": "ORGANIZATION",
      "monthlyDonation": 0,
      "totalDonations": 0,
      "source": "manual",
      "tier": "headliner"
    }
  ],
  "sponsor": [
    {
      "createdAt": "2021-07-11T11:04:52.058Z",
      "name": "Casinoonlineaams.com",
      "url": "https://www.casinoonlineaams.com",
      "image": "https://images.opencollective.com/casinoonlineaamscom/c59b0fd/logo.png",
      "type": "ORGANIZATION",
      "monthlyDonation": 0,
      "totalDonations": 0,
      "source": "opencollective",
      "tier": "sponsor"
    },
    {
      "createdAt": "2023-06-15T13:34:53.677Z",
      "name": "Ігрові автомати",
      "url": "https://slotoking.ua/games/all-slots/",
      "image": "https://images.opencollective.com/igrovye-avtomaty-ua/96bfde3/logo.png",
      "type": "ORGANIZATION",
      "monthlyDonation": 0,
      "totalDonations": 0,
      "source": "opencollective",
      "tier": "sponsor"
    },
    {
      "createdAt": "2023-12-05T16:44:08.370Z",
      "name": "OnlineCasinosSpelen",
      "url": "https://onlinecasinosspelen.com",
      "image": "https://images.opencollective.com/onlinecasinosspelen/4ce3830/logo.png",
      "type": "ORGANIZATION",
      "monthlyDonation": 0,
      "totalDonations": 0,
      "source": "opencollective",
      "tier": "sponsor"
    },
    {
      "createdAt": "2023-12-07T14:06:03.013Z",
      "name": "CasinoZonderRegistratie.net",
      "url": "https://casinoZonderregistratie.net/",
      "image": "https://images.opencollective.com/czrnet/24e6252/logo.png",
      "type": "ORGANIZATION",
      "monthlyDonation": 0,
      "totalDonations": 0,
      "source": "opencollective",
      "tier": "sponsor"
    },
    {
      "createdAt": "2023-12-07T14:07:39.203Z",
      "name": "Nieuwe-Casinos.net",
      "url": "https://Nieuwe-Casinos.net",
      "image": "https://images.opencollective.com/nieuwecasinos/ee150d6/logo.png",
      "type": "ORGANIZATION",
      "monthlyDonation": 0,
      "totalDonations": 0,
      "source": "opencollective",
      "tier": "sponsor"
    },
    {
      "createdAt": "2024-01-12T15:41:17.058Z",
      "name": "Vedonlyontiyhtiot.com",
      "url": "https://vedonlyontiyhtiot.com/",
      "image": "https://images.opencollective.com/vedonlyontiyhtiot-com/avatar.png",
      "type": "INDIVIDUAL",
      "monthlyDonation": 0,
      "totalDonations": 0,
      "source": "opencollective",
      "tier": "sponsor"
    },
    {
      "createdAt": "2024-02-28T19:26:31.395Z",
      "name": "Puter.com",
      "url": "https://puter.com/",
      "image": "https://images.opencollective.com/puter/f8643c4/avatar.png",
      "type": "INDIVIDUAL",
      "monthlyDonation": 0,
      "totalDonations": 0,
      "source": "opencollective",
      "tier": "sponsor"
    },
    {
      "createdAt": "2024-03-12T20:12:08.220Z",
      "name": "No Deposit Bonus",
      "url": "https://www.nodepositcasinobonus.org/",
      "image": "https://images.opencollective.com/no-deposit-bonus/912e261/logo.png",
      "type": "ORGANIZATION",
      "monthlyDonation": 0,
      "totalDonations": 0,
      "source": "opencollective",
      "tier": "sponsor"
    }
  ],
  "professional": [
    {
      "createdAt": "2022-01-26T15:21:25.562Z",
      "name": "Vasy Kafidoff",
      "url": "https://kafidoff.com",
      "image": "https://images.opencollective.com/kafidoff-vasy/d7ff85c/avatar.png",
      "type": "INDIVIDUAL",
      "monthlyDonation": 0,
      "totalDonations": 0,
      "source": "opencollective",
      "tier": "professional"
    }
  ],
  "backer": [
    {
      "createdAt": "2020-08-31T07:40:29.442Z",
      "name": "Espen Klem",
      "url": "https://medium.com/norch",
      "image": "https://images.opencollective.com/espenklem/7e8cd40/avatar.png",
      "type": "INDIVIDUAL",
      "monthlyDonation": 0,
      "totalDonations": 0,
      "source": "opencollective",
      "tier": "backer"
    }
  ]
}
